PeriodKey,Scenario,Assets,LiabilitiesAndEquity,Opening,Operating,Investing,Financing,Net,Closing,BalanceCheck,CashBridgeCheck
202501,Actual,200000,200000,45000,12000,-10000,3000,5000,50000,0,0
202501,Budget,200000,200000,46000,10000,-11000,3000,2000,48000,0,0
202501,Prior,173000,173000,37000,8000,-7000,2000,3000,40000,0,0
202502,Actual,214000,214000,50000,20000,-12000,4000,12000,62000,0,0
202502,Budget,214000,214000,48000,19000,-11000,4000,12000,60000,0,0
202502,Prior,180000,180000,40000,10000,-8000,2000,4000,44000,0,0
202503,Actual,226000,226000,62000,18000,-11000,4000,11000,73000,0,0
202503,Budget,226000,226000,60000,17000,-11000,4000,10000,70000,0,0
202503,Prior,184000,184000,44000,9000,-9000,2000,2000,46000,0,0
