PeriodKey,LineID,Actual,Budget,Prior
202501,pl.revenue,126200,120000,105000
202501,pl.product-revenue,100000,95000,85000
202501,pl.service-revenue,25000,25000,20000
202501,pl.launch-revenue,1200,0,
202501,pl.cost-of-sales,55000,53000,49000
202501,pl.materials,45000,42000,40000
202501,pl.delivery,10000,11000,9000
202501,pl.gross,,,
202501,pl.gross-profit,71200,67000,56000
202501,pl.gross-margin,0.5641838351822503,0.5583333333333333,0.5333333333333333
202501,pl.operating-expenses,40000,40000,36500
202501,pl.payroll,25000,24000,23000
202501,pl.occupancy,8000,8000,7500
202501,pl.marketing,7000,8000,6000
202501,pl.results,,,
202501,pl.operating-profit,31200,27000,19500
202501,pl.operating-margin,0.24722662440570523,0.225,0.18571428571428572
202501,pl.customers,3,3,3
202502,pl.revenue,142500,133000,113000
202502,pl.product-revenue,110000,105000,90000
202502,pl.service-revenue,30000,27000,23000
202502,pl.launch-revenue,2500,1000,
202502,pl.cost-of-sales,59000,58500,51500
202502,pl.materials,48000,47000,42000
202502,pl.delivery,11000,11500,9500
202502,pl.gross,,,
202502,pl.gross-profit,83500,74500,61500
202502,pl.gross-margin,0.5859649122807018,0.5601503759398496,0.5442477876106194
202502,pl.operating-expenses,43000,41500,38000
202502,pl.payroll,26000,25000,24000
202502,pl.occupancy,8000,8000,7500
202502,pl.marketing,9000,8500,6500
202502,pl.results,,,
202502,pl.operating-profit,40500,33000,23500
202502,pl.operating-margin,0.28421052631578947,0.24812030075187969,0.2079646017699115
202502,pl.customers,3,3,3
202503,pl.revenue,157000,146000,120000
202503,pl.product-revenue,120000,113000,95000
202503,pl.service-revenue,33000,30000,25000
202503,pl.launch-revenue,4000,3000,
202503,pl.cost-of-sales,64000,62000,54000
202503,pl.materials,52000,50000,44000
202503,pl.delivery,12000,12000,10000
202503,pl.gross,,,
202503,pl.gross-profit,93000,84000,66000
202503,pl.gross-margin,0.5923566878980892,0.5753424657534246,0.55
202503,pl.operating-expenses,43700,43000,39800
202503,pl.payroll,27000,26000,25000
202503,pl.occupancy,8200,8000,7800
202503,pl.marketing,8500,9000,7000
202503,pl.results,,,
202503,pl.operating-profit,49300,41000,26200
202503,pl.operating-margin,0.31401273885350317,0.2808219178082192,0.21833333333333332
202503,pl.customers,3,3,3
